,Bull Market,Bear Market,High Volatility,Low Volatility,Sideways Market,Crisis,Recovery
Bull Market,0.0,0.09433962264150944,0.2830188679245283,0.01886792452830189,0.5660377358490566,0.01886792452830189,0.01886792452830189
Bear Market,0.012048192771084338,0.0,0.24096385542168675,0.012048192771084338,0.012048192771084338,0.3614457831325301,0.3614457831325301
High Volatility,0.006535947712418302,0.5228758169934641,0.0,0.006535947712418302,0.32679738562091504,0.13071895424836602,0.006535947712418302
Low Volatility,0.6024096385542168,0.012048192771084336,0.060240963855421686,0.0,0.3012048192771084,0.012048192771084336,0.012048192771084336
Sideways Market,0.39215686274509803,0.29411764705882365,0.19607843137254902,0.09803921568627451,0.0,0.009803921568627454,0.009803921568627454
Crisis,0.004901960784313726,0.7352941176470589,0.004901960784313726,0.004901960784313726,0.004901960784313726,0.0,0.24509803921568632
Recovery,0.6535947712418302,0.006535947712418302,0.13071895424836602,0.006535947712418302,0.19607843137254904,0.006535947712418302,0.0
